onset	duration	sample	value	stage_name
170.484	34.4125	340968	stage_start	pinch_release_practice
204.9015	175.9505	409803	stage_start	pinch_release_static_vertical_arm_with_taps
217.975	0	435950	middle_press	n/a
218.07	0	436140	middle_release	n/a
218.16	0	436320	middle_press	n/a
218.255	0	436510	middle_release	n/a
218.87	0	437740	index_press	n/a
219.135	0	438270	index_release	n/a
220.195	0	440390	middle_press	n/a
220.285	0	440570	middle_release	n/a
221.735	0	443470	middle_press	n/a
222.195	0	444390	middle_release	n/a
222.89	0	445780	middle_press	n/a
222.985	0	445970	middle_release	n/a
223.07	0	446140	middle_press	n/a
223.16	0	446320	middle_release	n/a
224.04	0	448080	index_press	n/a
224.915	0	449830	index_release	n/a
225.86	0	451720	index_press	n/a
226.065	0	452130	index_release	n/a
226.625	0	453250	index_press	n/a
226.815	0	453630	index_release	n/a
228.005	0	456010	middle_press	n/a
228.07	0	456140	middle_release	n/a
229.31	0	458620	middle_press	n/a
230.345	0	460690	middle_release	n/a
231.19	0	462380	index_press	n/a
231.37	0	462740	index_release	n/a
232.47	0	464940	index_press	n/a
232.56	0	465120	index_release	n/a
232.7	0	465400	index_press	n/a
232.8	0	465600	index_release	n/a
233.965	0	467930	middle_press	n/a
234.835	0	469670	middle_release	n/a
235.51	0	471020	index_press	n/a
235.6	0	471200	index_release	n/a
235.695	0	471390	index_press	n/a
235.79	0	471580	index_release	n/a
237.065	0	474130	index_press	n/a
237.27	0	474540	index_release	n/a
237.375	0	474750	index_press	n/a
237.5	0	475000	index_release	n/a
238.28	0	476560	middle_press	n/a
238.45	0	476900	middle_release	n/a
238.99	0	477980	index_press	n/a
239.115	0	478230	index_release	n/a
239.41	0	478820	index_press	n/a
239.61	0	479220	index_release	n/a
240.475	0	480950	middle_press	n/a
240.685	0	481370	middle_release	n/a
242.07	0	484140	middle_press	n/a
243.055	0	486110	middle_release	n/a
243.81	0	487620	index_press	n/a
243.92	0	487840	index_release	n/a
244.01	0	488020	index_press	n/a
244.115	0	488230	index_release	n/a
244.82	0	489640	middle_press	n/a
244.875	0	489750	middle_release	n/a
244.935	0	489870	middle_press	n/a
245.185	0	490370	middle_release	n/a
245.47	0	490940	index_press	n/a
246.4	0	492800	index_release	n/a
247.345	0	494690	middle_press	n/a
247.475	0	494950	middle_release	n/a
248.115	0	496230	middle_press	n/a
248.225	0	496450	middle_release	n/a
249.39	0	498780	middle_press	n/a
249.485	0	498970	middle_release	n/a
249.645	0	499290	middle_press	n/a
249.755	0	499510	middle_release	n/a
250.595	0	501190	middle_press	n/a
250.84	0	501680	middle_release	n/a
251.62	0	503240	index_press	n/a
251.72	0	503440	index_release	n/a
251.82	0	503640	index_press	n/a
251.935	0	503870	index_release	n/a
252.975	0	505950	middle_press	n/a
253.79	0	507580	middle_release	n/a
254.94	0	509880	middle_press	n/a
255.025	0	510050	middle_release	n/a
255.24	0	510480	middle_press	n/a
255.375	0	510750	middle_release	n/a
256.365	0	512730	middle_press	n/a
257.16	0	514320	middle_release	n/a
257.62	0	515240	index_press	n/a
257.7	0	515400	index_release	n/a
257.795	0	515590	index_press	n/a
257.89	0	515780	index_release	n/a
259.145	0	518290	index_press	n/a
259.97	0	519940	index_release	n/a
260.95	0	521900	middle_press	n/a
261.145	0	522290	middle_release	n/a
261.78	0	523560	middle_press	n/a
261.885	0	523770	middle_release	n/a
261.97	0	523940	middle_press	n/a
262.07	0	524140	middle_release	n/a
263.12	0	526240	index_press	n/a
263.305	0	526610	index_release	n/a
263.39	0	526780	index_press	n/a
263.49	0	526980	index_release	n/a
264.535	0	529070	index_press	n/a
264.625	0	529250	index_release	n/a
264.715	0	529430	index_press	n/a
264.815	0	529630	index_release	n/a
265.36	0	530720	middle_press	n/a
266.195	0	532390	middle_release	n/a
267.395	0	534790	middle_press	n/a
267.475	0	534950	middle_release	n/a
267.59	0	535180	middle_press	n/a
267.71	0	535420	middle_release	n/a
268.58	0	537160	index_press	n/a
268.63	0	537260	index_release	n/a
270.17	0	540340	middle_press	n/a
270.945	0	541890	middle_release	n/a
271.81	0	543620	middle_press	n/a
272.915	0	545830	middle_release	n/a
273.72	0	547440	index_press	n/a
274.365	0	548730	index_release	n/a
275.3	0	550600	index_press	n/a
275.49	0	550980	index_release	n/a
276.675	0	553350	middle_press	n/a
276.765	0	553530	middle_release	n/a
276.91	0	553820	middle_press	n/a
277.03	0	554060	middle_release	n/a
278.08	0	556160	middle_press	n/a
278.265	0	556530	middle_release	n/a
279.39	0	558780	middle_press	n/a
279.475	0	558950	middle_release	n/a
279.59	0	559180	middle_press	n/a
279.705	0	559410	middle_release	n/a
280.78	0	561560	index_press	n/a
281.4	0	562800	index_release	n/a
282.245	0	564490	index_press	n/a
282.335	0	564670	index_release	n/a
282.47	0	564940	index_press	n/a
282.585	0	565170	index_release	n/a
283.305	0	566610	middle_press	n/a
283.505	0	567010	middle_release	n/a
284.5	0	569000	middle_press	n/a
284.695	0	569390	middle_release	n/a
285.885	0	571770	index_press	n/a
286.485	0	572970	index_release	n/a
287.085	0	574170	index_press	n/a
287.21	0	574420	index_release	n/a
287.91	0	575820	index_press	n/a
288.23	0	576460	index_release	n/a
289.345	0	578690	middle_press	n/a
290.08	0	580160	middle_release	n/a
290.715	0	581430	middle_press	n/a
290.84	0	581680	middle_release	n/a
291.685	0	583370	index_press	n/a
291.97	0	583940	index_release	n/a
292.96	0	585920	middle_press	n/a
293.255	0	586510	middle_release	n/a
293.425	0	586850	middle_press	n/a
293.555	0	587110	middle_release	n/a
294.21	0	588420	index_press	n/a
294.405	0	588810	index_release	n/a
294.47	0	588940	index_press	n/a
294.565	0	589130	index_release	n/a
295.54	0	591080	middle_press	n/a
295.625	0	591250	middle_release	n/a
297.105	0	594210	index_press	n/a
297.965	0	595930	index_release	n/a
298.95	0	597900	middle_press	n/a
299.84	0	599680	middle_release	n/a
301.035	0	602070	index_press	n/a
301.65	0	603300	index_release	n/a
302.94	0	605880	index_press	n/a
303.14	0	606280	index_release	n/a
303.25	0	606500	index_press	n/a
303.36	0	606720	index_release	n/a
303.805	0	607610	index_press	n/a
303.945	0	607890	index_release	n/a
304.115	0	608230	index_press	n/a
304.235	0	608470	index_release	n/a
305.485	0	610970	index_press	n/a
305.58	0	611160	index_release	n/a
306.245	0	612490	index_press	n/a
306.35	0	612700	index_release	n/a
307.235	0	614470	index_press	n/a
308.295	0	616590	index_release	n/a
309.16	0	618320	middle_press	n/a
309.84	0	619680	middle_release	n/a
310.45	0	620900	index_press	n/a
310.685	0	621370	index_release	n/a
311.35	0	622700	middle_press	n/a
311.575	0	623150	middle_release	n/a
312.62	0	625240	index_press	n/a
312.995	0	625990	index_release	n/a
313.685	0	627370	middle_press	n/a
313.91	0	627820	middle_release	n/a
314.06	0	628120	middle_press	n/a
314.18	0	628360	middle_release	n/a
314.815	0	629630	index_press	n/a
315.025	0	630050	index_release	n/a
315.905	0	631810	middle_press	n/a
316.74	0	633480	middle_release	n/a
317.66	0	635320	middle_press	n/a
318.235	0	636470	middle_release	n/a
319.3	0	638600	middle_press	n/a
319.79	0	639580	middle_release	n/a
320.99	0	641980	index_press	n/a
321.09	0	642180	index_release	n/a
321.83	0	643660	middle_press	n/a
321.9	0	643800	middle_release	n/a
322.075	0	644150	middle_press	n/a
322.17	0	644340	middle_release	n/a
323.475	0	646950	middle_press	n/a
324.375	0	648750	middle_release	n/a
325.755	0	651510	index_press	n/a
326.315	0	652630	index_release	n/a
327.045	0	654090	middle_press	n/a
327.14	0	654280	middle_release	n/a
328.14	0	656280	middle_press	n/a
328.21	0	656420	middle_release	n/a
328.455	0	656910	middle_press	n/a
328.575	0	657150	middle_release	n/a
329.56	0	659120	index_press	n/a
330.05	0	660100	index_release	n/a
330.935	0	661870	index_press	n/a
331.19	0	662380	index_release	n/a
332.155	0	664310	index_press	n/a
332.355	0	664710	index_release	n/a
332.48	0	664960	index_press	n/a
332.59	0	665180	index_release	n/a
333.335	0	666670	middle_press	n/a
334.055	0	668110	middle_release	n/a
335.36	0	670720	index_press	n/a
335.46	0	670920	index_release	n/a
335.94	0	671880	index_press	n/a
336.02	0	672040	index_release	n/a
336.165	0	672330	index_press	n/a
336.26	0	672520	index_release	n/a
337.165	0	674330	index_press	n/a
337.28	0	674560	index_release	n/a
338.235	0	676470	middle_press	n/a
338.53	0	677060	middle_release	n/a
339.365	0	678730	middle_press	n/a
339.56	0	679120	middle_release	n/a
339.645	0	679290	middle_press	n/a
339.75	0	679500	middle_release	n/a
340.435	0	680870	middle_press	n/a
340.615	0	681230	middle_release	n/a
340.695	0	681390	middle_press	n/a
340.805	0	681610	middle_release	n/a
342.125	0	684250	middle_press	n/a
342.645	0	685290	middle_release	n/a
343.425	0	686850	index_press	n/a
343.525	0	687050	index_release	n/a
343.615	0	687230	index_press	n/a
343.715	0	687430	index_release	n/a
345.105	0	690210	index_press	n/a
345.195	0	690390	index_release	n/a
345.29	0	690580	index_press	n/a
345.39	0	690780	index_release	n/a
346.65	0	693300	index_press	n/a
346.765	0	693530	index_release	n/a
346.88	0	693760	index_press	n/a
346.955	0	693910	index_release	n/a
347.98	0	695960	middle_press	n/a
348.785	0	697570	middle_release	n/a
350.305	0	700610	index_press	n/a
350.405	0	700810	index_release	n/a
350.495	0	700990	index_press	n/a
350.6	0	701200	index_release	n/a
351.385	0	702770	index_press	n/a
351.68	0	703360	index_release	n/a
352.375	0	704750	index_press	n/a
352.475	0	704950	index_release	n/a
353.51	0	707020	middle_press	n/a
353.695	0	707390	middle_release	n/a
353.75	0	707500	middle_press	n/a
353.845	0	707690	middle_release	n/a
354.71	0	709420	index_press	n/a
354.83	0	709660	index_release	n/a
355.98	0	711960	index_press	n/a
356.265	0	712530	index_release	n/a
357.665	0	715330	middle_press	n/a
357.75	0	715500	middle_release	n/a
359.34	0	718680	middle_press	n/a
359.415	0	718830	middle_release	n/a
359.435	0	718870	middle_press	n/a
359.625	0	719250	middle_release	n/a
360.155	0	720310	middle_press	n/a
360.25	0	720500	middle_release	n/a
360.325	0	720650	middle_press	n/a
360.45	0	720900	middle_release	n/a
361.26	0	722520	index_press	n/a
362.12	0	724240	index_release	n/a
362.495	0	724990	middle_press	n/a
362.575	0	725150	middle_release	n/a
363.765	0	727530	index_press	n/a
364.325	0	728650	index_release	n/a
365.135	0	730270	index_press	n/a
365.225	0	730450	index_release	n/a
365.31	0	730620	index_press	n/a
365.41	0	730820	index_release	n/a
366.06	0	732120	middle_press	n/a
366.11	0	732220	middle_release	n/a
367.24	0	734480	index_press	n/a
368.145	0	736290	index_release	n/a
368.555	0	737110	middle_press	n/a
368.78	0	737560	middle_release	n/a
368.855	0	737710	middle_press	n/a
368.935	0	737870	middle_release	n/a
369.985	0	739970	middle_press	n/a
370.09	0	740180	middle_release	n/a
370.94	0	741880	middle_press	n/a
371.115	0	742230	middle_release	n/a
371.17	0	742340	middle_press	n/a
371.27	0	742540	middle_release	n/a
371.99	0	743980	index_press	n/a
372.22	0	744440	index_release	n/a
372.96	0	745920	index_press	n/a
373.155	0	746310	index_release	n/a
374.275	0	748550	index_press	n/a
374.97	0	749940	index_release	n/a
375.665	0	751330	index_press	n/a
376.755	0	753510	index_release	n/a
377.66	0	755320	middle_press	n/a
377.935	0	755870	middle_release	n/a
380.8585	181.7395	761717	stage_start	pinch_release_static_palm_out_with_taps
395.88	0	791760	middle_press	n/a
395.9	0	791800	middle_release	n/a
396.08	0	792160	middle_press	n/a
396.23	0	792460	middle_release	n/a
396.955	0	793910	index_press	n/a
397.105	0	794210	index_release	n/a
397.955	0	795910	index_press	n/a
398.97	0	797940	index_release	n/a
399.655	0	799310	index_press	n/a
399.74	0	799480	index_release	n/a
399.855	0	799710	index_press	n/a
399.975	0	799950	index_release	n/a
400.83	0	801660	middle_press	n/a
401.03	0	802060	middle_release	n/a
402.405	0	804810	middle_press	n/a
402.57	0	805140	middle_release	n/a
402.67	0	805340	middle_press	n/a
402.785	0	805570	middle_release	n/a
403.57	0	807140	middle_press	n/a
404.645	0	809290	middle_release	n/a
405.54	0	811080	middle_press	n/a
405.745	0	811490	middle_release	n/a
406.825	0	813650	index_press	n/a
407.045	0	814090	index_release	n/a
407.16	0	814320	index_press	n/a
407.28	0	814560	index_release	n/a
407.875	0	815750	middle_press	n/a
408.055	0	816110	middle_release	n/a
409.175	0	818350	middle_press	n/a
409.3	0	818600	middle_release	n/a
409.97	0	819940	index_press	n/a
410.07	0	820140	index_release	n/a
410.15	0	820300	index_press	n/a
410.24	0	820480	index_release	n/a
411.095	0	822190	index_press	n/a
411.995	0	823990	index_release	n/a
412.61	0	825220	index_press	n/a
413.165	0	826330	index_release	n/a
414.27	0	828540	index_press	n/a
415.29	0	830580	index_release	n/a
416.275	0	832550	middle_press	n/a
416.44	0	832880	middle_release	n/a
417.285	0	834570	index_press	n/a
418.18	0	836360	index_release	n/a
419.48	0	838960	index_press	n/a
419.795	0	839590	index_release	n/a
420.815	0	841630	index_press	n/a
420.98	0	841960	index_release	n/a
421.07	0	842140	index_press	n/a
421.165	0	842330	index_release	n/a
422.14	0	844280	middle_press	n/a
422.17	0	844340	middle_release	n/a
423.51	0	847020	middle_press	n/a
423.605	0	847210	middle_release	n/a
423.85	0	847700	middle_press	n/a
423.96	0	847920	middle_release	n/a
425.125	0	850250	index_press	n/a
425.25	0	850500	index_release	n/a
426.365	0	852730	index_press	n/a
426.565	0	853130	index_release	n/a
427.29	0	854580	index_press	n/a
428.225	0	856450	index_release	n/a
429.135	0	858270	index_press	n/a
429.245	0	858490	index_release	n/a
429.94	0	859880	index_press	n/a
430.04	0	860080	index_release	n/a
430.135	0	860270	index_press	n/a
430.23	0	860460	index_release	n/a
430.92	0	861840	index_press	n/a
432.01	0	864020	index_release	n/a
433.3	0	866600	index_press	n/a
433.39	0	866780	index_release	n/a
433.55	0	867100	index_press	n/a
433.655	0	867310	index_release	n/a
434.52	0	869040	middle_press	n/a
435.12	0	870240	middle_release	n/a
436.16	0	872320	middle_press	n/a
436.265	0	872530	middle_release	n/a
437.52	0	875040	middle_press	n/a
437.625	0	875250	middle_release	n/a
437.72	0	875440	middle_press	n/a
437.835	0	875670	middle_release	n/a
438.835	0	877670	middle_press	n/a
439.645	0	879290	middle_release	n/a
440.385	0	880770	index_press	n/a
440.49	0	880980	index_release	n/a
440.57	0	881140	index_press	n/a
440.675	0	881350	index_release	n/a
441.325	0	882650	middle_press	n/a
441.56	0	883120	middle_release	n/a
442.405	0	884810	middle_press	n/a
442.87	0	885740	middle_release	n/a
443.85	0	887700	middle_press	n/a
443.95	0	887900	middle_release	n/a
444.035	0	888070	middle_press	n/a
444.135	0	888270	middle_release	n/a
445.35	0	890700	index_press	n/a
445.46	0	890920	index_release	n/a
445.545	0	891090	index_press	n/a
445.655	0	891310	index_release	n/a
446.6	0	893200	middle_press	n/a
446.855	0	893710	middle_release	n/a
446.94	0	893880	middle_press	n/a
447.055	0	894110	middle_release	n/a
447.68	0	895360	index_press	n/a
447.82	0	895640	index_release	n/a
448.86	0	897720	index_press	n/a
449.66	0	899320	index_release	n/a
450.48	0	900960	index_press	n/a
450.58	0	901160	index_release	n/a
450.745	0	901490	index_press	n/a
450.86	0	901720	index_release	n/a
451.48	0	902960	middle_press	n/a
452.095	0	904190	middle_release	n/a
452.94	0	905880	index_press	n/a
453.035	0	906070	index_release	n/a
453.165	0	906330	index_press	n/a
453.28	0	906560	index_release	n/a
454.075	0	908150	middle_press	n/a
454.18	0	908360	middle_release	n/a
454.275	0	908550	middle_press	n/a
454.39	0	908780	middle_release	n/a
455.675	0	911350	index_press	n/a
455.77	0	911540	index_release	n/a
456.825	0	913650	index_press	n/a
456.92	0	913840	index_release	n/a
457.005	0	914010	index_press	n/a
457.1	0	914200	index_release	n/a
458.02	0	916040	index_press	n/a
458.135	0	916270	index_release	n/a
459.135	0	918270	index_press	n/a
459.24	0	918480	index_release	n/a
459.375	0	918750	index_press	n/a
459.485	0	918970	index_release	n/a
460.91	0	921820	middle_press	n/a
461.275	0	922550	middle_release	n/a
462.165	0	924330	index_press	n/a
462.66	0	925320	index_release	n/a
463.34	0	926680	index_press	n/a
463.445	0	926890	index_release	n/a
464.375	0	928750	middle_press	n/a
464.47	0	928940	middle_release	n/a
465.405	0	930810	middle_press	n/a
465.52	0	931040	middle_release	n/a
465.6	0	931200	middle_press	n/a
465.705	0	931410	middle_release	n/a
466.835	0	933670	index_press	n/a
467.675	0	935350	index_release	n/a
468.59	0	937180	index_press	n/a
468.69	0	937380	index_release	n/a
469.665	0	939330	middle_press	n/a
470.18	0	940360	middle_release	n/a
471.125	0	942250	middle_press	n/a
471.56	0	943120	middle_release	n/a
472.875	0	945750	middle_press	n/a
473.245	0	946490	middle_release	n/a
473.925	0	947850	index_press	n/a
474.14	0	948280	index_release	n/a
474.75	0	949500	index_press	n/a
474.825	0	949650	index_release	n/a
474.99	0	949980	index_press	n/a
475.095	0	950190	index_release	n/a
476.32	0	952640	index_press	n/a
476.415	0	952830	index_release	n/a
477.465	0	954930	middle_press	n/a
477.575	0	955150	middle_release	n/a
478.815	0	957630	middle_press	n/a
478.935	0	957870	middle_release	n/a
479.66	0	959320	middle_press	n/a
479.815	0	959630	middle_release	n/a
481.025	0	962050	index_press	n/a
481.29	0	962580	index_release	n/a
482.18	0	964360	middle_press	n/a
482.3	0	964600	middle_release	n/a
483.3	0	966600	middle_press	n/a
484.07	0	968140	middle_release	n/a
485.13	0	970260	index_press	n/a
485.96	0	971920	index_release	n/a
487.25	0	974500	middle_press	n/a
487.855	0	975710	middle_release	n/a
488.68	0	977360	index_press	n/a
489.28	0	978560	index_release	n/a
490.35	0	980700	index_press	n/a
490.445	0	980890	index_release	n/a
490.535	0	981070	index_press	n/a
490.635	0	981270	index_release	n/a
491.445	0	982890	index_press	n/a
491.585	0	983170	index_release	n/a
492.37	0	984740	middle_press	n/a
492.835	0	985670	middle_release	n/a
493.515	0	987030	middle_press	n/a
493.755	0	987510	middle_release	n/a
494.695	0	989390	middle_press	n/a
494.95	0	989900	middle_release	n/a
495.03	0	990060	middle_press	n/a
495.145	0	990290	middle_release	n/a
495.91	0	991820	middle_press	n/a
496.075	0	992150	middle_release	n/a
496.19	0	992380	middle_press	n/a
496.305	0	992610	middle_release	n/a
497.295	0	994590	middle_press	n/a
497.395	0	994790	middle_release	n/a
497.495	0	994990	middle_press	n/a
497.61	0	995220	middle_release	n/a
498.565	0	997130	index_press	n/a
498.89	0	997780	index_release	n/a
499.94	0	999880	index_press	n/a
500.525	0	1001050	index_release	n/a
501.535	0	1003070	middle_press	n/a
501.825	0	1003650	middle_release	n/a
502.41	0	1004820	middle_press	n/a
502.6	0	1005200	middle_release	n/a
502.685	0	1005370	middle_press	n/a
502.785	0	1005570	middle_release	n/a
503.59	0	1007180	middle_press	n/a
503.69	0	1007380	middle_release	n/a
503.965	0	1007930	middle_press	n/a
504.13	0	1008260	middle_release	n/a
504.89	0	1009780	index_press	n/a
504.995	0	1009990	index_release	n/a
506.165	0	1012330	middle_press	n/a
506.26	0	1012520	middle_release	n/a
507.27	0	1014540	index_press	n/a
507.38	0	1014760	index_release	n/a
507.475	0	1014950	index_press	n/a
507.565	0	1015130	index_release	n/a
508.515	0	1017030	index_press	n/a
509.12	0	1018240	index_release	n/a
510.105	0	1020210	index_press	n/a
510.215	0	1020430	index_release	n/a
510.465	0	1020930	index_press	n/a
510.555	0	1021110	index_release	n/a
511.865	0	1023730	index_press	n/a
512.055	0	1024110	index_release	n/a
512.14	0	1024280	index_press	n/a
512.235	0	1024470	index_release	n/a
513.445	0	1026890	index_press	n/a
513.98	0	1027960	index_release	n/a
515.075	0	1030150	index_press	n/a
516.18	0	1032360	index_release	n/a
517.14	0	1034280	middle_press	n/a
518.21	0	1036420	middle_release	n/a
519.595	0	1039190	index_press	n/a
519.685	0	1039370	index_release	n/a
519.775	0	1039550	index_press	n/a
519.855	0	1039710	index_release	n/a
520.425	0	1040850	index_press	n/a
520.53	0	1041060	index_release	n/a
521.455	0	1042910	index_press	n/a
521.54	0	1043080	index_release	n/a
521.66	0	1043320	index_press	n/a
521.77	0	1043540	index_release	n/a
522.71	0	1045420	middle_press	n/a
523.33	0	1046660	middle_release	n/a
524.455	0	1048910	middle_press	n/a
524.62	0	1049240	middle_release	n/a
524.7	0	1049400	middle_press	n/a
524.8	0	1049600	middle_release	n/a
526.075	0	1052150	middle_press	n/a
526.195	0	1052390	middle_release	n/a
526.385	0	1052770	middle_press	n/a
526.545	0	1053090	middle_release	n/a
527.175	0	1054350	middle_press	n/a
528.13	0	1056260	middle_release	n/a
529.2	0	1058400	middle_press	n/a
529.295	0	1058590	middle_release	n/a
529.395	0	1058790	middle_press	n/a
529.485	0	1058970	middle_release	n/a
530.405	0	1060810	middle_press	n/a
530.5	0	1061000	middle_release	n/a
531.59	0	1063180	middle_press	n/a
531.73	0	1063460	middle_release	n/a
532.93	0	1065860	middle_press	n/a
533.02	0	1066040	middle_release	n/a
533.85	0	1067700	middle_press	n/a
533.97	0	1067940	middle_release	n/a
535.28	0	1070560	middle_press	n/a
535.475	0	1070950	middle_release	n/a
535.545	0	1071090	middle_press	n/a
535.66	0	1071320	middle_release	n/a
536.55	0	1073100	index_press	n/a
536.68	0	1073360	index_release	n/a
537.835	0	1075670	index_press	n/a
537.95	0	1075900	index_release	n/a
539	0	1078000	index_press	n/a
539.76	0	1079520	index_release	n/a
540.985	0	1081970	middle_press	n/a
541.065	0	1082130	middle_release	n/a
541.335	0	1082670	middle_press	n/a
541.45	0	1082900	middle_release	n/a
542.255	0	1084510	middle_press	n/a
542.36	0	1084720	middle_release	n/a
542.435	0	1084870	middle_press	n/a
542.54	0	1085080	middle_release	n/a
543.095	0	1086190	index_press	n/a
543.225	0	1086450	index_release	n/a
544.145	0	1088290	middle_press	n/a
544.89	0	1089780	middle_release	n/a
546.305	0	1092610	middle_press	n/a
546.415	0	1092830	middle_release	n/a
546.53	0	1093060	middle_press	n/a
546.615	0	1093230	middle_release	n/a
547.425	0	1094850	middle_press	n/a
548.49	0	1096980	middle_release	n/a
549.885	0	1099770	index_press	n/a
549.96	0	1099920	index_release	n/a
550.06	0	1100120	index_press	n/a
550.185	0	1100370	index_release	n/a
551.34	0	1102680	middle_press	n/a
551.45	0	1102900	middle_release	n/a
552.63	0	1105260	index_press	n/a
552.76	0	1105520	index_release	n/a
553.805	0	1107610	index_press	n/a
553.925	0	1107850	index_release	n/a
554.915	0	1109830	index_press	n/a
555.89	0	1111780	index_release	n/a
557.08	0	1114160	middle_press	n/a
557.695	0	1115390	middle_release	n/a
558.65	0	1117300	middle_press	n/a
559.455	0	1118910	middle_release	n/a
562.6065	178.659	1125213	stage_start	pinch_release_static_hand_in_lap_with_taps
573.495	0	1146990	index_press	n/a
573.65	0	1147300	index_release	n/a
573.94	0	1147880	index_press	n/a
574.04	0	1148080	index_release	n/a
574.86	0	1149720	middle_press	n/a
575.02	0	1150040	middle_release	n/a
575.45	0	1150900	middle_press	n/a
575.665	0	1151330	middle_release	n/a
576.33	0	1152660	middle_press	n/a
577.225	0	1154450	middle_release	n/a
578.34	0	1156680	middle_press	n/a
578.875	0	1157750	middle_release	n/a
580.25	0	1160500	index_press	n/a
581.155	0	1162310	index_release	n/a
582.015	0	1164030	middle_press	n/a
582.8	0	1165600	middle_release	n/a
583.535	0	1167070	index_press	n/a
583.65	0	1167300	index_release	n/a
584.46	0	1168920	index_press	n/a
585.245	0	1170490	index_release	n/a
585.865	0	1171730	index_press	n/a
585.975	0	1171950	index_release	n/a
586.055	0	1172110	index_press	n/a
586.165	0	1172330	index_release	n/a
587.15	0	1174300	index_press	n/a
587.895	0	1175790	index_release	n/a
589.025	0	1178050	middle_press	n/a
589.165	0	1178330	middle_release	n/a
589.795	0	1179590	middle_press	n/a
590.495	0	1180990	middle_release	n/a
591.56	0	1183120	index_press	n/a
591.735	0	1183470	index_release	n/a
591.99	0	1183980	index_press	n/a
592.115	0	1184230	index_release	n/a
593.17	0	1186340	middle_press	n/a
593.28	0	1186560	middle_release	n/a
593.575	0	1187150	middle_press	n/a
593.75	0	1187500	middle_release	n/a
594.555	0	1189110	index_press	n/a
595.185	0	1190370	index_release	n/a
596.3	0	1192600	middle_press	n/a
596.515	0	1193030	middle_release	n/a
597.06	0	1194120	middle_press	n/a
597.18	0	1194360	middle_release	n/a
598.095	0	1196190	middle_press	n/a
598.775	0	1197550	middle_release	n/a
599.94	0	1199880	index_press	n/a
600.92	0	1201840	index_release	n/a
601.475	0	1202950	middle_press	n/a
601.72	0	1203440	middle_release	n/a
602.65	0	1205300	index_press	n/a
603.385	0	1206770	index_release	n/a
604.43	0	1208860	middle_press	n/a
605.175	0	1210350	middle_release	n/a
606.08	0	1212160	middle_press	n/a
606.49	0	1212980	middle_release	n/a
608.05	0	1216100	middle_press	n/a
608.16	0	1216320	middle_release	n/a
608.245	0	1216490	middle_press	n/a
608.355	0	1216710	middle_release	n/a
609.475	0	1218950	index_press	n/a
609.69	0	1219380	index_release	n/a
610.225	0	1220450	index_press	n/a
611.19	0	1222380	index_release	n/a
612.085	0	1224170	index_press	n/a
612.195	0	1224390	index_release	n/a
612.385	0	1224770	index_press	n/a
612.505	0	1225010	index_release	n/a
613.84	0	1227680	index_press	n/a
614.225	0	1228450	index_release	n/a
614.83	0	1229660	middle_press	n/a
615.125	0	1230250	middle_release	n/a
615.245	0	1230490	middle_press	n/a
615.36	0	1230720	middle_release	n/a
616.575	0	1233150	index_press	n/a
616.71	0	1233420	index_release	n/a
617.105	0	1234210	index_press	n/a
617.3	0	1234600	index_release	n/a
618.53	0	1237060	index_press	n/a
618.76	0	1237520	index_release	n/a
619.84	0	1239680	index_press	n/a
620.025	0	1240050	index_release	n/a
620.13	0	1240260	index_press	n/a
620.275	0	1240550	index_release	n/a
620.995	0	1241990	index_press	n/a
621.22	0	1242440	index_release	n/a
621.35	0	1242700	index_press	n/a
621.48	0	1242960	index_release	n/a
622.81	0	1245620	index_press	n/a
623.335	0	1246670	index_release	n/a
624.35	0	1248700	middle_press	n/a
624.49	0	1248980	middle_release	n/a
624.645	0	1249290	middle_press	n/a
624.775	0	1249550	middle_release	n/a
625.49	0	1250980	index_press	n/a
625.61	0	1251220	index_release	n/a
625.73	0	1251460	index_press	n/a
625.85	0	1251700	index_release	n/a
626.515	0	1253030	middle_press	n/a
626.64	0	1253280	middle_release	n/a
626.795	0	1253590	middle_press	n/a
626.93	0	1253860	middle_release	n/a
628.05	0	1256100	index_press	n/a
628.855	0	1257710	index_release	n/a
629.44	0	1258880	middle_press	n/a
629.58	0	1259160	middle_release	n/a
629.685	0	1259370	middle_press	n/a
629.82	0	1259640	middle_release	n/a
630.69	0	1261380	middle_press	n/a
630.82	0	1261640	middle_release	n/a
630.985	0	1261970	middle_press	n/a
631.105	0	1262210	middle_release	n/a
632.12	0	1264240	index_press	n/a
632.625	0	1265250	index_release	n/a
633.94	0	1267880	index_press	n/a
634.03	0	1268060	index_release	n/a
634.165	0	1268330	index_press	n/a
634.28	0	1268560	index_release	n/a
635.2	0	1270400	middle_press	n/a
636.455	0	1272910	middle_release	n/a
637.565	0	1275130	index_press	n/a
637.655	0	1275310	index_release	n/a
637.94	0	1275880	index_press	n/a
638.065	0	1276130	index_release	n/a
638.77	0	1277540	middle_press	n/a
638.895	0	1277790	middle_release	n/a
638.975	0	1277950	middle_press	n/a
639.085	0	1278170	middle_release	n/a
640.495	0	1280990	index_press	n/a
640.655	0	1281310	index_release	n/a
641.415	0	1282830	middle_press	n/a
641.49	0	1282980	middle_release	n/a
641.785	0	1283570	middle_press	n/a
641.925	0	1283850	middle_release	n/a
642.565	0	1285130	middle_press	n/a
642.765	0	1285530	middle_release	n/a
643.825	0	1287650	index_press	n/a
643.98	0	1287960	index_release	n/a
644.89	0	1289780	middle_press	n/a
645.7	0	1291400	middle_release	n/a
646.845	0	1293690	middle_press	n/a
646.96	0	1293920	middle_release	n/a
647.14	0	1294280	middle_press	n/a
647.27	0	1294540	middle_release	n/a
648.31	0	1296620	middle_press	n/a
648.49	0	1296980	middle_release	n/a
649.77	0	1299540	middle_press	n/a
649.89	0	1299780	middle_release	n/a
649.955	0	1299910	middle_press	n/a
650.075	0	1300150	middle_release	n/a
651.015	0	1302030	middle_press	n/a
651.465	0	1302930	middle_release	n/a
652.43	0	1304860	middle_press	n/a
652.55	0	1305100	middle_release	n/a
652.63	0	1305260	middle_press	n/a
652.755	0	1305510	middle_release	n/a
653.585	0	1307170	middle_press	n/a
653.715	0	1307430	middle_release	n/a
654.53	0	1309060	index_press	n/a
654.645	0	1309290	index_release	n/a
654.725	0	1309450	index_press	n/a
654.845	0	1309690	index_release	n/a
656.035	0	1312070	index_press	n/a
656.145	0	1312290	index_release	n/a
656.235	0	1312470	index_press	n/a
656.385	0	1312770	index_release	n/a
657.14	0	1314280	middle_press	n/a
657.81	0	1315620	middle_release	n/a
659.19	0	1318380	middle_press	n/a
659.365	0	1318730	middle_release	n/a
660.305	0	1320610	index_press	n/a
660.43	0	1320860	index_release	n/a
660.505	0	1321010	index_press	n/a
660.595	0	1321190	index_release	n/a
661.45	0	1322900	middle_press	n/a
661.605	0	1323210	middle_release	n/a
663.095	0	1326190	index_press	n/a
663.46	0	1326920	index_release	n/a
664.455	0	1328910	index_press	n/a
664.735	0	1329470	index_release	n/a
665.72	0	1331440	index_press	n/a
665.87	0	1331740	index_release	n/a
665.97	0	1331940	index_press	n/a
666.095	0	1332190	index_release	n/a
667.265	0	1334530	index_press	n/a
667.405	0	1334810	index_release	n/a
668.655	0	1337310	index_press	n/a
668.785	0	1337570	index_release	n/a
669.565	0	1339130	index_press	n/a
669.675	0	1339350	index_release	n/a
669.775	0	1339550	index_press	n/a
669.89	0	1339780	index_release	n/a
671.29	0	1342580	index_press	n/a
671.395	0	1342790	index_release	n/a
671.485	0	1342970	index_press	n/a
671.595	0	1343190	index_release	n/a
672.41	0	1344820	index_press	n/a
672.545	0	1345090	index_release	n/a
673.285	0	1346570	middle_press	n/a
673.95	0	1347900	middle_release	n/a
675.38	0	1350760	index_press	n/a
675.505	0	1351010	index_release	n/a
675.63	0	1351260	index_press	n/a
675.75	0	1351500	index_release	n/a
676.55	0	1353100	middle_press	n/a
677.6	0	1355200	middle_release	n/a
678.39	0	1356780	middle_press	n/a
679.515	0	1359030	middle_release	n/a
680.425	0	1360850	middle_press	n/a
680.59	0	1361180	middle_release	n/a
681.75	0	1363500	index_press	n/a
681.88	0	1363760	index_release	n/a
682.935	0	1365870	middle_press	n/a
683.23	0	1366460	middle_release	n/a
683.715	0	1367430	index_press	n/a
684.925	0	1369850	index_release	n/a
685.87	0	1371740	middle_press	n/a
686.06	0	1372120	middle_release	n/a
687.285	0	1374570	middle_press	n/a
687.39	0	1374780	middle_release	n/a
687.465	0	1374930	middle_press	n/a
687.585	0	1375170	middle_release	n/a
688.545	0	1377090	index_press	n/a
689.41	0	1378820	index_release	n/a
689.84	0	1379680	index_press	n/a
689.995	0	1379990	index_release	n/a
690.8	0	1381600	middle_press	n/a
690.96	0	1381920	middle_release	n/a
692.055	0	1384110	middle_press	n/a
692.195	0	1384390	middle_release	n/a
692.855	0	1385710	index_press	n/a
693.065	0	1386130	index_release	n/a
693.77	0	1387540	middle_press	n/a
694.305	0	1388610	middle_release	n/a
695.44	0	1390880	middle_press	n/a
696.23	0	1392460	middle_release	n/a
697.225	0	1394450	middle_press	n/a
697.35	0	1394700	middle_release	n/a
698.295	0	1396590	index_press	n/a
698.415	0	1396830	index_release	n/a
699.615	0	1399230	middle_press	n/a
700.845	0	1401690	middle_release	n/a
701.495	0	1402990	middle_press	n/a
701.62	0	1403240	middle_release	n/a
701.72	0	1403440	middle_press	n/a
701.855	0	1403710	middle_release	n/a
702.9	0	1405800	middle_press	n/a
703.12	0	1406240	middle_release	n/a
703.87	0	1407740	index_press	n/a
704.02	0	1408040	index_release	n/a
704.88	0	1409760	index_press	n/a
705.725	0	1411450	index_release	n/a
706.7	0	1413400	index_press	n/a
706.81	0	1413620	index_release	n/a
707.535	0	1415070	middle_press	n/a
707.685	0	1415370	middle_release	n/a
707.77	0	1415540	middle_press	n/a
707.885	0	1415770	middle_release	n/a
709.19	0	1418380	index_press	n/a
709.31	0	1418620	index_release	n/a
710.26	0	1420520	middle_press	n/a
710.4	0	1420800	middle_release	n/a
711.18	0	1422360	middle_press	n/a
711.315	0	1422630	middle_release	n/a
711.4	0	1422800	middle_press	n/a
711.515	0	1423030	middle_release	n/a
712.595	0	1425190	middle_press	n/a
713.89	0	1427780	middle_release	n/a
714.53	0	1429060	index_press	n/a
715.17	0	1430340	index_release	n/a
716.205	0	1432410	index_press	n/a
716.31	0	1432620	index_release	n/a
716.42	0	1432840	index_press	n/a
716.53	0	1433060	index_release	n/a
717.725	0	1435450	index_press	n/a
717.865	0	1435730	index_release	n/a
717.975	0	1435950	index_press	n/a
718.07	0	1436140	index_release	n/a
719.42	0	1438840	index_press	n/a
720	0	1440000	index_release	n/a
720.835	0	1441670	index_press	n/a
721.625	0	1443250	index_release	n/a
722.77	0	1445540	index_press	n/a
723.88	0	1447760	index_release	n/a
724.815	0	1449630	middle_press	n/a
725.86	0	1451720	middle_release	n/a
726.51	0	1453020	middle_press	n/a
726.645	0	1453290	middle_release	n/a
726.73	0	1453460	middle_press	n/a
726.855	0	1453710	middle_release	n/a
727.87	0	1455740	middle_press	n/a
728.015	0	1456030	middle_release	n/a
728.905	0	1457810	middle_press	n/a
729.065	0	1458130	middle_release	n/a
729.155	0	1458310	middle_press	n/a
729.28	0	1458560	middle_release	n/a
729.825	0	1459650	index_press	n/a
729.94	0	1459880	index_release	n/a
730.04	0	1460080	index_press	n/a
730.155	0	1460310	index_release	n/a
730.765	0	1461530	middle_press	n/a
730.905	0	1461810	middle_release	n/a
732.25	0	1464500	index_press	n/a
732.37	0	1464740	index_release	n/a
732.975	0	1465950	middle_press	n/a
733.17	0	1466340	middle_release	n/a
733.245	0	1466490	middle_press	n/a
733.35	0	1466700	middle_release	n/a
734.07	0	1468140	index_press	n/a
734.795	0	1469590	index_release	n/a
735.825	0	1471650	index_press	n/a
736.12	0	1472240	index_release	n/a
736.765	0	1473530	index_press	n/a
736.93	0	1473860	index_release	n/a
737.035	0	1474070	index_press	n/a
737.15	0	1474300	index_release	n/a
737.715	0	1475430	middle_press	n/a
737.76	0	1475520	middle_release	n/a
737.94	0	1475880	middle_press	n/a
738.15	0	1476300	middle_release	n/a
741.2715	176.0615	1482543	stage_start	pinch_release_static_palm_up_with_taps
749.59	0	1499180	index_press	n/a
749.665	0	1499330	index_release	n/a
750.48	0	1500960	middle_press	n/a
750.615	0	1501230	middle_release	n/a
751.375	0	1502750	index_press	n/a
751.565	0	1503130	index_release	n/a
752.395	0	1504790	index_press	n/a
752.57	0	1505140	index_release	n/a
753.415	0	1506830	middle_press	n/a
754.59	0	1509180	middle_release	n/a
755.155	0	1510310	middle_press	n/a
755.175	0	1510350	middle_release	n/a
755.445	0	1510890	middle_press	n/a
755.58	0	1511160	middle_release	n/a
756.145	0	1512290	index_press	n/a
756.27	0	1512540	index_release	n/a
757.31	0	1514620	index_press	n/a
757.405	0	1514810	index_release	n/a
757.505	0	1515010	index_press	n/a
757.59	0	1515180	index_release	n/a
758.82	0	1517640	middle_press	n/a
759.065	0	1518130	middle_release	n/a
759.715	0	1519430	index_press	n/a
759.79	0	1519580	index_release	n/a
759.955	0	1519910	index_press	n/a
760.07	0	1520140	index_release	n/a
760.965	0	1521930	index_press	n/a
761.505	0	1523010	index_release	n/a
762.405	0	1524810	index_press	n/a
762.72	0	1525440	index_release	n/a
763.39	0	1526780	middle_press	n/a
763.535	0	1527070	middle_release	n/a
764.63	0	1529260	index_press	n/a
764.72	0	1529440	index_release	n/a
764.85	0	1529700	index_press	n/a
765	0	1530000	index_release	n/a
765.825	0	1531650	middle_press	n/a
765.96	0	1531920	middle_release	n/a
766.07	0	1532140	middle_press	n/a
766.18	0	1532360	middle_release	n/a
766.915	0	1533830	index_press	n/a
767.045	0	1534090	index_release	n/a
767.19	0	1534380	index_press	n/a
767.45	0	1534900	index_release	n/a
768.065	0	1536130	middle_press	n/a
769.06	0	1538120	middle_release	n/a
769.805	0	1539610	middle_press	n/a
769.925	0	1539850	middle_release	n/a
770.005	0	1540010	middle_press	n/a
770.1	0	1540200	middle_release	n/a
770.98	0	1541960	middle_press	n/a
771.12	0	1542240	middle_release	n/a
771.19	0	1542380	middle_press	n/a
771.285	0	1542570	middle_release	n/a
772.05	0	1544100	middle_press	n/a
772.21	0	1544420	middle_release	n/a
772.3	0	1544600	middle_press	n/a
772.425	0	1544850	middle_release	n/a
773.445	0	1546890	index_press	n/a
774.5	0	1549000	index_release	n/a
775.7	0	1551400	middle_press	n/a
775.825	0	1551650	middle_release	n/a
776.01	0	1552020	middle_press	n/a
776.125	0	1552250	middle_release	n/a
776.66	0	1553320	middle_press	n/a
776.855	0	1553710	middle_release	n/a
777.035	0	1554070	middle_press	n/a
777.21	0	1554420	middle_release	n/a
778.295	0	1556590	middle_press	n/a
778.415	0	1556830	middle_release	n/a
778.585	0	1557170	middle_press	n/a
778.71	0	1557420	middle_release	n/a
779.96	0	1559920	index_press	n/a
780.065	0	1560130	index_release	n/a
780.23	0	1560460	index_press	n/a
780.26	0	1560520	index_release	n/a
781.645	0	1563290	index_press	n/a
781.75	0	1563500	index_release	n/a
783.04	0	1566080	middle_press	n/a
783.175	0	1566350	middle_release	n/a
783.26	0	1566520	middle_press	n/a
783.385	0	1566770	middle_release	n/a
784.445	0	1568890	index_press	n/a
785.355	0	1570710	index_release	n/a
786.74	0	1573480	index_press	n/a
787.84	0	1575680	index_release	n/a
788.755	0	1577510	middle_press	n/a
788.905	0	1577810	middle_release	n/a
790.175	0	1580350	middle_press	n/a
790.3	0	1580600	middle_release	n/a
790.835	0	1581670	middle_press	n/a
791.465	0	1582930	middle_release	n/a
792.895	0	1585790	index_press	n/a
794.025	0	1588050	index_release	n/a
795.1	0	1590200	index_press	n/a
795.205	0	1590410	index_release	n/a
795.43	0	1590860	index_press	n/a
795.53	0	1591060	index_release	n/a
796.725	0	1593450	index_press	n/a
796.745	0	1593490	index_release	n/a
797.53	0	1595060	middle_press	n/a
797.635	0	1595270	middle_release	n/a
797.73	0	1595460	middle_press	n/a
797.82	0	1595640	middle_release	n/a
798.785	0	1597570	middle_press	n/a
799.36	0	1598720	middle_release	n/a
799.875	0	1599750	middle_press	n/a
799.98	0	1599960	middle_release	n/a
800.275	0	1600550	middle_press	n/a
800.485	0	1600970	middle_release	n/a
801.24	0	1602480	index_press	n/a
802.255	0	1604510	index_release	n/a
803	0	1606000	index_press	n/a
803.11	0	1606220	index_release	n/a
803.2	0	1606400	index_press	n/a
803.285	0	1606570	index_release	n/a
804.115	0	1608230	middle_press	n/a
804.19	0	1608380	middle_release	n/a
805.155	0	1610310	middle_press	n/a
805.275	0	1610550	middle_release	n/a
805.395	0	1610790	middle_press	n/a
805.5	0	1611000	middle_release	n/a
806.525	0	1613050	index_press	n/a
806.605	0	1613210	index_release	n/a
807.625	0	1615250	index_press	n/a
808.07	0	1616140	index_release	n/a
809.47	0	1618940	middle_press	n/a
810.085	0	1620170	middle_release	n/a
810.965	0	1621930	middle_press	n/a
811.435	0	1622870	middle_release	n/a
812.475	0	1624950	middle_press	n/a
813.43	0	1626860	middle_release	n/a
814.1	0	1628200	middle_press	n/a
814.215	0	1628430	middle_release	n/a
814.29	0	1628580	middle_press	n/a
814.435	0	1628870	middle_release	n/a
815.295	0	1630590	middle_press	n/a
816.05	0	1632100	middle_release	n/a
817.33	0	1634660	middle_press	n/a
817.46	0	1634920	middle_release	n/a
818.145	0	1636290	index_press	n/a
819.26	0	1638520	index_release	n/a
820.06	0	1640120	middle_press	n/a
820.335	0	1640670	middle_release	n/a
821.455	0	1642910	index_press	n/a
821.67	0	1643340	index_release	n/a
822.66	0	1645320	middle_press	n/a
823.21	0	1646420	middle_release	n/a
823.695	0	1647390	index_press	n/a
823.89	0	1647780	index_release	n/a
824.7	0	1649400	middle_press	n/a
824.81	0	1649620	middle_release	n/a
824.895	0	1649790	middle_press	n/a
824.99	0	1649980	middle_release	n/a
825.745	0	1651490	index_press	n/a
825.855	0	1651710	index_release	n/a
825.975	0	1651950	index_press	n/a
826.21	0	1652420	index_release	n/a
827.025	0	1654050	index_press	n/a
827.095	0	1654190	index_release	n/a
827.21	0	1654420	index_press	n/a
827.295	0	1654590	index_release	n/a
828.175	0	1656350	middle_press	n/a
828.885	0	1657770	middle_release	n/a
829.73	0	1659460	middle_press	n/a
829.8	0	1659600	middle_release	n/a
829.96	0	1659920	middle_press	n/a
830.055	0	1660110	middle_release	n/a
831.215	0	1662430	index_press	n/a
831.435	0	1662870	index_release	n/a
831.98	0	1663960	index_press	n/a
833.08	0	1666160	index_release	n/a
834.45	0	1668900	middle_press	n/a
834.845	0	1669690	middle_release	n/a
835.67	0	1671340	index_press	n/a
836.3	0	1672600	index_release	n/a
837.02	0	1674040	index_press	n/a
837.64	0	1675280	index_release	n/a
839.12	0	1678240	middle_press	n/a
839.22	0	1678440	middle_release	n/a
839.405	0	1678810	middle_press	n/a
839.515	0	1679030	middle_release	n/a
840.285	0	1680570	index_press	n/a
840.46	0	1680920	index_release	n/a
840.555	0	1681110	index_press	n/a
840.64	0	1681280	index_release	n/a
841.63	0	1683260	index_press	n/a
842.45	0	1684900	index_release	n/a
843.05	0	1686100	middle_press	n/a
843.23	0	1686460	middle_release	n/a
843.315	0	1686630	middle_press	n/a
843.425	0	1686850	middle_release	n/a
844.315	0	1688630	index_press	n/a
844.565	0	1689130	index_release	n/a
844.66	0	1689320	index_press	n/a
844.785	0	1689570	index_release	n/a
845.915	0	1691830	middle_press	n/a
846.595	0	1693190	middle_release	n/a
847.905	0	1695810	index_press	n/a
849.05	0	1698100	index_release	n/a
850.305	0	1700610	index_press	n/a
850.785	0	1701570	index_release	n/a
851.655	0	1703310	index_press	n/a
852.475	0	1704950	index_release	n/a
853.31	0	1706620	middle_press	n/a
853.835	0	1707670	middle_release	n/a
854.835	0	1709670	index_press	n/a
854.97	0	1709940	index_release	n/a
855.065	0	1710130	index_press	n/a
855.165	0	1710330	index_release	n/a
856.04	0	1712080	middle_press	n/a
856.16	0	1712320	middle_release	n/a
857.28	0	1714560	middle_press	n/a
858.115	0	1716230	middle_release	n/a
859.215	0	1718430	middle_press	n/a
859.355	0	1718710	middle_release	n/a
860.645	0	1721290	middle_press	n/a
860.86	0	1721720	middle_release	n/a
860.92	0	1721840	middle_press	n/a
861.025	0	1722050	middle_release	n/a
861.67	0	1723340	index_press	n/a
861.755	0	1723510	index_release	n/a
861.86	0	1723720	index_press	n/a
861.94	0	1723880	index_release	n/a
862.57	0	1725140	index_press	n/a
862.68	0	1725360	index_release	n/a
862.815	0	1725630	index_press	n/a
862.905	0	1725810	index_release	n/a
864.175	0	1728350	middle_press	n/a
864.975	0	1729950	middle_release	n/a
866.025	0	1732050	middle_press	n/a
866.675	0	1733350	middle_release	n/a
867.975	0	1735950	middle_press	n/a
868.085	0	1736170	middle_release	n/a
868.18	0	1736360	middle_press	n/a
868.295	0	1736590	middle_release	n/a
869.49	0	1738980	middle_press	n/a
869.605	0	1739210	middle_release	n/a
871.025	0	1742050	middle_press	n/a
871.155	0	1742310	middle_release	n/a
872.23	0	1744460	index_press	n/a
872.445	0	1744890	index_release	n/a
872.545	0	1745090	index_press	n/a
872.665	0	1745330	index_release	n/a
873.215	0	1746430	index_press	n/a
873.33	0	1746660	index_release	n/a
874.94	0	1749880	index_press	n/a
875.045	0	1750090	index_release	n/a
875.34	0	1750680	index_press	n/a
875.49	0	1750980	index_release	n/a
875.755	0	1751510	index_press	n/a
875.905	0	1751810	index_release	n/a
877.145	0	1754290	index_press	n/a
877.275	0	1754550	index_release	n/a
877.98	0	1755960	middle_press	n/a
878.415	0	1756830	middle_release	n/a
879	0	1758000	middle_press	n/a
879.16	0	1758320	middle_release	n/a
879.92	0	1759840	index_press	n/a
880.14	0	1760280	index_release	n/a
881.145	0	1762290	middle_press	n/a
881.965	0	1763930	middle_release	n/a
882.895	0	1765790	middle_press	n/a
883.415	0	1766830	middle_release	n/a
884.765	0	1769530	middle_press	n/a
884.975	0	1769950	middle_release	n/a
885.44	0	1770880	middle_press	n/a
885.645	0	1771290	middle_release	n/a
886.41	0	1772820	index_press	n/a
886.59	0	1773180	index_release	n/a
886.795	0	1773590	index_press	n/a
886.88	0	1773760	index_release	n/a
887.74	0	1775480	index_press	n/a
889.005	0	1778010	index_release	n/a
889.78	0	1779560	index_press	n/a
891.115	0	1782230	index_release	n/a
892.005	0	1784010	index_press	n/a
892.07	0	1784140	index_release	n/a
893.51	0	1787020	middle_press	n/a
893.62	0	1787240	middle_release	n/a
893.76	0	1787520	middle_press	n/a
893.875	0	1787750	middle_release	n/a
894.58	0	1789160	index_press	n/a
895.76	0	1791520	index_release	n/a
896.685	0	1793370	middle_press	n/a
896.97	0	1793940	middle_release	n/a
898.265	0	1796530	index_press	n/a
898.32	0	1796640	index_release	n/a
899.25	0	1798500	index_press	n/a
900.1	0	1800200	index_release	n/a
900.68	0	1801360	index_press	n/a
900.765	0	1801530	index_release	n/a
900.935	0	1801870	index_press	n/a
901.02	0	1802040	index_release	n/a
901.65	0	1803300	index_press	n/a
901.77	0	1803540	index_release	n/a
902.545	0	1805090	middle_press	n/a
902.67	0	1805340	middle_release	n/a
903.33	0	1806660	index_press	n/a
903.48	0	1806960	index_release	n/a
904.595	0	1809190	middle_press	n/a
905.61	0	1811220	middle_release	n/a
906.84	0	1813680	index_press	n/a
906.935	0	1813870	index_release	n/a
907.045	0	1814090	index_press	n/a
907.14	0	1814280	index_release	n/a
907.78	0	1815560	index_press	n/a
907.875	0	1815750	index_release	n/a
908.05	0	1816100	index_press	n/a
908.165	0	1816330	index_release	n/a
908.81	0	1817620	middle_press	n/a
908.945	0	1817890	middle_release	n/a
910.525	0	1821050	index_press	n/a
910.61	0	1821220	index_release	n/a
911.885	0	1823770	index_press	n/a
912.015	0	1824030	index_release	n/a
913.155	0	1826310	middle_press	n/a
913.275	0	1826550	middle_release	n/a
914.27	0	1828540	middle_press	n/a
914.385	0	1828770	middle_release	n/a
950.5655	180.586	1901131	stage_start	pinch_release_dynamic_vertical_arm_translation
998.41	0	1996820	middle_press	n/a
1000.715	0	2001430	middle_release	n/a
1001.525	0	2003050	index_press	n/a
1003.365	0	2006730	index_release	n/a
1004.5	0	2009000	middle_press	n/a
1005.945	0	2011890	middle_release	n/a
1007.1	0	2014200	index_press	n/a
1009.015	0	2018030	index_release	n/a
1009.99	0	2019980	middle_press	n/a
1011.91	0	2023820	middle_release	n/a
1012.695	0	2025390	index_press	n/a
1014.725	0	2029450	index_release	n/a
1016.165	0	2032330	middle_press	n/a
1018.65	0	2037300	middle_release	n/a
1019.18	0	2038360	index_press	n/a
1021.62	0	2043240	index_release	n/a
1022.945	0	2045890	middle_press	n/a
1025.31	0	2050620	middle_release	n/a
1026.415	0	2052830	index_press	n/a
1028.28	0	2056560	index_release	n/a
1029.15	0	2058300	middle_press	n/a
1031.405	0	2062810	middle_release	n/a
1032.225	0	2064450	middle_press	n/a
1035.18	0	2070360	middle_release	n/a
1035.925	0	2071850	middle_press	n/a
1038.03	0	2076060	middle_release	n/a
1038.71	0	2077420	index_press	n/a
1041.26	0	2082520	index_release	n/a
1042.325	0	2084650	middle_press	n/a
1044.87	0	2089740	middle_release	n/a
1045.61	0	2091220	index_press	n/a
1047.57	0	2095140	index_release	n/a
1048.28	0	2096560	index_press	n/a
1050.09	0	2100180	index_release	n/a
1051.285	0	2102570	index_press	n/a
1053.7	0	2107400	index_release	n/a
1054.915	0	2109830	index_press	n/a
1057.225	0	2114450	index_release	n/a
1058.135	0	2116270	middle_press	n/a
1060.31	0	2120620	middle_release	n/a
1061.08	0	2122160	index_press	n/a
1064.1	0	2128200	index_release	n/a
1064.87	0	2129740	middle_press	n/a
1066.755	0	2133510	middle_release	n/a
1067.775	0	2135550	index_press	n/a
1069.63	0	2139260	index_release	n/a
1070.88	0	2141760	middle_press	n/a
1073.64	0	2147280	middle_release	n/a
1074.47	0	2148940	index_press	n/a
1076.63	0	2153260	index_release	n/a
1077.685	0	2155370	middle_press	n/a
1080.475	0	2160950	middle_release	n/a
1081.495	0	2162990	index_press	n/a
1083.7	0	2167400	index_release	n/a
1084.82	0	2169640	index_press	n/a
1086.72	0	2173440	index_release	n/a
1087.975	0	2175950	middle_press	n/a
1090.485	0	2180970	middle_release	n/a
1091.79	0	2183580	middle_press	n/a
1094.98	0	2189960	middle_release	n/a
1096.09	0	2192180	index_press	n/a
1098.11	0	2196220	index_release	n/a
1098.87	0	2197740	middle_press	n/a
1100.685	0	2201370	middle_release	n/a
1101.73	0	2203460	index_press	n/a
1103.905	0	2207810	index_release	n/a
1104.64	0	2209280	middle_press	n/a
1107.245	0	2214490	middle_release	n/a
1108.055	0	2216110	middle_press	n/a
1110.33	0	2220660	middle_release	n/a
1111.12	0	2222240	index_press	n/a
1113.535	0	2227070	index_release	n/a
1114.415	0	2228830	index_press	n/a
1117.06	0	2234120	index_release	n/a
1118.085	0	2236170	index_press	n/a
1120.775	0	2241550	index_release	n/a
1122.12	0	2244240	middle_press	n/a
1123.94	0	2247880	middle_release	n/a
1125.035	0	2250070	middle_press	n/a
1127.75	0	2255500	middle_release	n/a
1197.2595	25.241	2394519	stage_start	thumb_swipes_practice
1222.5045	80.614	2445009	stage_start	thumb_swipes_static_arm_in_lap
1231.13	0	2462260	thumb_out	n/a
1232.61	0	2465220	thumb_in	n/a
1233.635	0	2467270	thumb_out	n/a
1234.495	0	2468990	thumb_in	n/a
1235.57	0	2471140	thumb_click	n/a
1236.55	0	2473100	thumb_up	n/a
1237.715	0	2475430	thumb_up	n/a
1238.69	0	2477380	thumb_down	n/a
1239.485	0	2478970	thumb_down	n/a
1241.12	0	2482240	thumb_out	n/a
1242.115	0	2484230	thumb_down	n/a
1242.98	0	2485960	thumb_in	n/a
1245.01	0	2490020	thumb_up	n/a
1245.63	0	2491260	thumb_out	n/a
1246.8	0	2493600	thumb_down	n/a
1248.345	0	2496690	thumb_click	n/a
1249.37	0	2498740	thumb_up	n/a
1250.355	0	2500710	thumb_out	n/a
1251.345	0	2502690	thumb_down	n/a
1252.045	0	2504090	thumb_in	n/a
1253.445	0	2506890	thumb_click	n/a
1254.13	0	2508260	thumb_down	n/a
1255.415	0	2510830	thumb_click	n/a
1256.64	0	2513280	thumb_up	n/a
1257.8	0	2515600	thumb_in	n/a
1259.145	0	2518290	thumb_in	n/a
1260.34	0	2520680	thumb_down	n/a
1261.58	0	2523160	thumb_down	n/a
1263.2	0	2526400	thumb_in	n/a
1264.51	0	2529020	thumb_out	n/a
1265.935	0	2531870	thumb_click	n/a
1266.72	0	2533440	thumb_down	n/a
1267.815	0	2535630	thumb_click	n/a
1268.75	0	2537500	thumb_out	n/a
1269.85	0	2539700	thumb_up	n/a
1271.11	0	2542220	thumb_in	n/a
1271.975	0	2543950	thumb_up	n/a
1273.295	0	2546590	thumb_in	n/a
1274.255	0	2548510	thumb_down	n/a
1275.565	0	2551130	thumb_in	n/a
1276.95	0	2553900	thumb_out	n/a
1278.27	0	2556540	thumb_click	n/a
1279.68	0	2559360	thumb_up	n/a
1281.01	0	2562020	thumb_click	n/a
1282.535	0	2565070	thumb_click	n/a
1283.59	0	2567180	thumb_click	n/a
1285.025	0	2570050	thumb_out	n/a
1286.195	0	2572390	thumb_in	n/a
1287.115	0	2574230	thumb_down	n/a
1288.36	0	2576720	thumb_click	n/a
1289.395	0	2578790	thumb_out	n/a
1290.3	0	2580600	thumb_in	n/a
1291.73	0	2583460	thumb_up	n/a
1293	0	2586000	thumb_out	n/a
1293.765	0	2587530	thumb_up	n/a
1295.22	0	2590440	thumb_click	n/a
1296.3	0	2592600	thumb_out	n/a
1297.56	0	2595120	thumb_up	n/a
1298.65	0	2597300	thumb_up	n/a
1299.985	0	2599970	thumb_down	n/a
1303.123	89.6445	2606246	stage_start	thumb_swipes_static_arm_front
1322.82	0	2645640	thumb_click	n/a
1323.995	0	2647990	thumb_in	n/a
1324.94	0	2649880	thumb_click	n/a
1325.915	0	2651830	thumb_up	n/a
1327.185	0	2654370	thumb_click	n/a
1329.205	0	2658410	thumb_in	n/a
1329.715	0	2659430	thumb_up	n/a
1330.585	0	2661170	thumb_in	n/a
1331.535	0	2663070	thumb_out	n/a
1332.695	0	2665390	thumb_out	n/a
1333.87	0	2667740	thumb_out	n/a
1334.51	0	2669020	thumb_down	n/a
1335.355	0	2670710	thumb_down	n/a
1335.985	0	2671970	thumb_up	n/a
1337.725	0	2675450	thumb_up	n/a
1338.705	0	2677410	thumb_out	n/a
1339.8	0	2679600	thumb_up	n/a
1341.305	0	2682610	thumb_up	n/a
1342.13	0	2684260	thumb_in	n/a
1343.285	0	2686570	thumb_up	n/a
1344.365	0	2688730	thumb_down	n/a
1345.71	0	2691420	thumb_click	n/a
1346.555	0	2693110	thumb_out	n/a
1347.975	0	2695950	thumb_out	n/a
1349.28	0	2698560	thumb_in	n/a
1350.225	0	2700450	thumb_click	n/a
1351.36	0	2702720	thumb_out	n/a
1352.96	0	2705920	thumb_down	n/a
1354.075	0	2708150	thumb_out	n/a
1355.535	0	2711070	thumb_click	n/a
1356.525	0	2713050	thumb_click	n/a
1357.78	0	2715560	thumb_up	n/a
1358.495	0	2716990	thumb_down	n/a
1359.695	0	2719390	thumb_up	n/a
1361.065	0	2722130	thumb_click	n/a
1362.36	0	2724720	thumb_click	n/a
1363.915	0	2727830	thumb_click	n/a
1364.625	0	2729250	thumb_down	n/a
1366.04	0	2732080	thumb_out	n/a
1367.155	0	2734310	thumb_out	n/a
1368.195	0	2736390	thumb_in	n/a
1369.38	0	2738760	thumb_click	n/a
1370.795	0	2741590	thumb_up	n/a
1371.75	0	2743500	thumb_in	n/a
1372.885	0	2745770	thumb_up	n/a
1373.75	0	2747500	thumb_click	n/a
1374.51	0	2749020	thumb_in	n/a
1375.695	0	2751390	thumb_in	n/a
1377.295	0	2754590	thumb_down	n/a
1378.325	0	2756650	thumb_out	n/a
1379.825	0	2759650	thumb_out	n/a
1381.19	0	2762380	thumb_down	n/a
1382.09	0	2764180	thumb_down	n/a
1383.26	0	2766520	thumb_in	n/a
1384.095	0	2768190	thumb_up	n/a
1385.445	0	2770890	thumb_in	n/a
1386.65	0	2773300	thumb_in	n/a
1387.81	0	2775620	thumb_down	n/a
1388.695	0	2777390	thumb_down	n/a
1389.68	0	2779360	thumb_down	n/a
1392.772	76.5135	2785544	stage_start	thumb_swipes_static_vertical
1401.755	0	2803510	thumb_out	n/a
1403.01	0	2806020	thumb_down	n/a
1403.905	0	2807810	thumb_out	n/a
1404.9	0	2809800	thumb_up	n/a
1406.35	0	2812700	thumb_up	n/a
1407.34	0	2814680	thumb_out	n/a
1408.665	0	2817330	thumb_up	n/a
1410.095	0	2820190	thumb_up	n/a
1411.105	0	2822210	thumb_up	n/a
1411.98	0	2823960	thumb_in	n/a
1413.2	0	2826400	thumb_click	n/a
1414.35	0	2828700	thumb_down	n/a
1415.47	0	2830940	thumb_in	n/a
1416.19	0	2832380	thumb_out	n/a
1417.225	0	2834450	thumb_in	n/a
1418.52	0	2837040	thumb_down	n/a
1419.32	0	2838640	thumb_out	n/a
1420.06	0	2840120	thumb_click	n/a
1420.995	0	2841990	thumb_out	n/a
1422.2	0	2844400	thumb_out	n/a
1423.565	0	2847130	thumb_down	n/a
1424.435	0	2848870	thumb_in	n/a
1425.59	0	2851180	thumb_down	n/a
1426.98	0	2853960	thumb_click	n/a
1428.065	0	2856130	thumb_click	n/a
1428.695	0	2857390	thumb_up	n/a
1430.53	0	2861060	thumb_down	n/a
1431.42	0	2862840	thumb_down	n/a
1432.38	0	2864760	thumb_click	n/a
1433.555	0	2867110	thumb_in	n/a
1434.83	0	2869660	thumb_in	n/a
1436.425	0	2872850	thumb_down	n/a
1437.43	0	2874860	thumb_down	n/a
1438.21	0	2876420	thumb_click	n/a
1439.295	0	2878590	thumb_click	n/a
1439.93	0	2879860	thumb_up	n/a
1441.2	0	2882400	thumb_out	n/a
1442.285	0	2884570	thumb_click	n/a
1443.55	0	2887100	thumb_up	n/a
1445.105	0	2890210	thumb_click	n/a
1446.46	0	2892920	thumb_up	n/a
1447.655	0	2895310	thumb_out	n/a
1449.25	0	2898500	thumb_click	n/a
1450.065	0	2900130	thumb_in	n/a
1450.77	0	2901540	thumb_down	n/a
1452.045	0	2904090	thumb_down	n/a
1453.45	0	2906900	thumb_in	n/a
1454.185	0	2908370	thumb_up	n/a
1455.06	0	2910120	thumb_up	n/a
1455.93	0	2911860	thumb_out	n/a
1457.005	0	2914010	thumb_out	n/a
1457.67	0	2915340	thumb_click	n/a
1458.38	0	2916760	thumb_in	n/a
1459.325	0	2918650	thumb_out	n/a
1459.955	0	2919910	thumb_down	n/a
1461.175	0	2922350	thumb_up	n/a
1462.025	0	2924050	thumb_in	n/a
1463.705	0	2927410	thumb_in	n/a
1465.125	0	2930250	thumb_click	n/a
1466.21	0	2932420	thumb_in	n/a
1533.096	225.991	3066192	stage_start	null
1807.4785	39.358	3614957	stage_start	pinch_release_thumb_swipes_practice
1898.7355	178.2195	3797471	stage_start	pinch_release_thumb_swipes_static_vertical_arm
1906.73	0	3813460	thumb_in	n/a
1907.17	0	3814340	index_press	n/a
1907.93	0	3815860	index_release	n/a
1908.78	0	3817560	thumb_out	n/a
1909.77	0	3819540	middle_press	n/a
1910.795	0	3821590	middle_release	n/a
1911.66	0	3823320	thumb_up	n/a
1912.88	0	3825760	index_press	n/a
1913.315	0	3826630	index_release	n/a
1914.065	0	3828130	thumb_down	n/a
1915.145	0	3830290	middle_press	n/a
1916.375	0	3832750	middle_release	n/a
1917.07	0	3834140	thumb_out	n/a
1918.41	0	3836820	index_press	n/a
1919.365	0	3838730	index_release	n/a
1920.1	0	3840200	thumb_in	n/a
1921.34	0	3842680	middle_press	n/a
1921.865	0	3843730	middle_release	n/a
1922.785	0	3845570	thumb_up	n/a
1923.755	0	3847510	index_press	n/a
1924.23	0	3848460	index_release	n/a
1925.24	0	3850480	thumb_in	n/a
1926.205	0	3852410	index_press	n/a
1926.69	0	3853380	index_release	n/a
1927.505	0	3855010	thumb_up	n/a
1928.58	0	3857160	index_press	n/a
1929.665	0	3859330	index_release	n/a
1930.285	0	3860570	thumb_down	n/a
1931.685	0	3863370	index_press	n/a
1932.53	0	3865060	index_release	n/a
1933.305	0	3866610	thumb_in	n/a
1934.48	0	3868960	middle_press	n/a
1935.39	0	3870780	middle_release	n/a
1936.085	0	3872170	thumb_down	n/a
1937.365	0	3874730	middle_press	n/a
1938.27	0	3876540	middle_release	n/a
1939.245	0	3878490	thumb_out	n/a
1940.445	0	3880890	middle_press	n/a
1941.375	0	3882750	middle_release	n/a
1942.425	0	3884850	thumb_click	n/a
1943.36	0	3886720	index_press	n/a
1944.51	0	3889020	index_release	n/a
1945.605	0	3891210	thumb_out	n/a
1946.56	0	3893120	index_press	n/a
1947.315	0	3894630	index_release	n/a
1948.285	0	3896570	thumb_up	n/a
1949.675	0	3899350	middle_press	n/a
1950.335	0	3900670	middle_release	n/a
1951.255	0	3902510	thumb_click	n/a
1952.35	0	3904700	middle_press	n/a
1953.165	0	3906330	middle_release	n/a
1954.11	0	3908220	thumb_in	n/a
1955.225	0	3910450	middle_press	n/a
1956.03	0	3912060	middle_release	n/a
1956.94	0	3913880	thumb_click	n/a
1957.9	0	3915800	middle_press	n/a
1958.58	0	3917160	middle_release	n/a
1959.6	0	3919200	thumb_out	n/a
1960.625	0	3921250	index_press	n/a
1961.41	0	3922820	index_release	n/a
1962.605	0	3925210	thumb_out	n/a
1963.635	0	3927270	index_press	n/a
1964.185	0	3928370	index_release	n/a
1965.525	0	3931050	thumb_up	n/a
1966.63	0	3933260	middle_press	n/a
1967.25	0	3934500	middle_release	n/a
1968.125	0	3936250	thumb_down	n/a
1969.115	0	3938230	index_press	n/a
1969.935	0	3939870	index_release	n/a
1970.89	0	3941780	thumb_out	n/a
1972.2	0	3944400	index_press	n/a
1972.89	0	3945780	index_release	n/a
1973.605	0	3947210	thumb_down	n/a
1974.735	0	3949470	middle_press	n/a
1975.715	0	3951430	middle_release	n/a
1976.455	0	3952910	thumb_up	n/a
1977.46	0	3954920	index_press	n/a
1978.09	0	3956180	index_release	n/a
1979.21	0	3958420	thumb_click	n/a
1980.19	0	3960380	index_press	n/a
1980.96	0	3961920	index_release	n/a
1982.055	0	3964110	thumb_click	n/a
1983.205	0	3966410	index_press	n/a
1984.185	0	3968370	index_release	n/a
1984.905	0	3969810	thumb_in	n/a
1986.3	0	3972600	middle_press	n/a
1986.95	0	3973900	middle_release	n/a
1987.745	0	3975490	thumb_in	n/a
1988.78	0	3977560	middle_press	n/a
1989.615	0	3979230	middle_release	n/a
1990.41	0	3980820	thumb_click	n/a
1991.64	0	3983280	index_press	n/a
1992.44	0	3984880	index_release	n/a
1993.34	0	3986680	thumb_in	n/a
1994.47	0	3988940	index_press	n/a
1995.305	0	3990610	index_release	n/a
1996.125	0	3992250	thumb_down	n/a
1997.34	0	3994680	middle_press	n/a
1998.215	0	3996430	middle_release	n/a
1999.215	0	3998430	thumb_down	n/a
2000.52	0	4001040	middle_press	n/a
2001.025	0	4002050	middle_release	n/a
2001.945	0	4003890	thumb_out	n/a
2003.245	0	4006490	index_press	n/a
2003.725	0	4007450	index_release	n/a
2004.705	0	4009410	thumb_down	n/a
2005.785	0	4011570	index_press	n/a
2006.505	0	4013010	index_release	n/a
2007.685	0	4015370	thumb_click	n/a
2008.76	0	4017520	index_press	n/a
2008.995	0	4017990	index_release	n/a
2010.35	0	4020700	thumb_up	n/a
2011.38	0	4022760	middle_press	n/a
2012.03	0	4024060	middle_release	n/a
2012.905	0	4025810	thumb_out	n/a
2014.035	0	4028070	middle_press	n/a
2014.93	0	4029860	middle_release	n/a
2015.82	0	4031640	thumb_up	n/a
2016.98	0	4033960	middle_press	n/a
2017.93	0	4035860	middle_release	n/a
2019.27	0	4038540	thumb_click	n/a
2020.18	0	4040360	index_press	n/a
2021.04	0	4042080	index_release	n/a
2022.13	0	4044260	thumb_down	n/a
2023.045	0	4046090	middle_press	n/a
2023.69	0	4047380	middle_release	n/a
2024.655	0	4049310	thumb_out	n/a
2025.58	0	4051160	middle_press	n/a
2026.33	0	4052660	middle_release	n/a
2027.32	0	4054640	thumb_down	n/a
2028.295	0	4056590	index_press	n/a
2028.86	0	4057720	index_release	n/a
2029.845	0	4059690	thumb_click	n/a
2030.66	0	4061320	middle_press	n/a
2031.975	0	4063950	middle_release	n/a
2032.705	0	4065410	thumb_in	n/a
2033.885	0	4067770	index_press	n/a
2034.93	0	4069860	index_release	n/a
2035.635	0	4071270	thumb_click	n/a
2036.705	0	4073410	middle_press	n/a
2037.355	0	4074710	middle_release	n/a
2038.35	0	4076700	thumb_click	n/a
2039.44	0	4078880	middle_press	n/a
2039.965	0	4079930	middle_release	n/a
2040.885	0	4081770	thumb_up	n/a
2041.92	0	4083840	middle_press	n/a
2042.45	0	4084900	middle_release	n/a
2043.445	0	4086890	thumb_click	n/a
2044.49	0	4088980	middle_press	n/a
2045.255	0	4090510	middle_release	n/a
2045.92	0	4091840	thumb_out	n/a
2047.18	0	4094360	index_press	n/a
2048.195	0	4096390	index_release	n/a
2049.3	0	4098600	thumb_in	n/a
2050.225	0	4100450	middle_press	n/a
2051.35	0	4102700	middle_release	n/a
2052.31	0	4104620	thumb_up	n/a
2053.355	0	4106710	middle_press	n/a
2054.255	0	4108510	middle_release	n/a
2055.34	0	4110680	thumb_down	n/a
2056.17	0	4112340	index_press	n/a
2057.155	0	4114310	index_release	n/a
2057.975	0	4115950	thumb_out	n/a
2059.325	0	4118650	index_press	n/a
2059.845	0	4119690	index_release	n/a
2060.89	0	4121780	thumb_in	n/a
2062.19	0	4124380	middle_press	n/a
2062.75	0	4125500	middle_release	n/a
2063.72	0	4127440	thumb_in	n/a
2064.665	0	4129330	middle_press	n/a
2065.52	0	4131040	middle_release	n/a
2066.695	0	4133390	thumb_down	n/a
2067.56	0	4135120	index_press	n/a
2068.1	0	4136200	index_release	n/a
2069.495	0	4138990	thumb_up	n/a
2070.055	0	4140110	index_press	n/a
2070.485	0	4140970	index_release	n/a
2072.425	0	4144850	thumb_up	n/a
2073.095	0	4146190	index_press	n/a
2073.915	0	4147830	index_release	n/a
2141.5085	179.296	4283017	stage_start	pinch_release_thumb_swipes_static_arm_in_front
2147.92	0	4295840	thumb_out	n/a
2148.585	0	4297170	middle_press	n/a
2149.48	0	4298960	middle_release	n/a
2150.17	0	4300340	thumb_down	n/a
2151.405	0	4302810	index_press	n/a
2152.42	0	4304840	index_release	n/a
2153.24	0	4306480	thumb_down	n/a
2154.215	0	4308430	middle_press	n/a
2155.145	0	4310290	middle_release	n/a
2156.01	0	4312020	thumb_up	n/a
2157.005	0	4314010	middle_press	n/a
2157.885	0	4315770	middle_release	n/a
2158.59	0	4317180	thumb_up	n/a
2159.93	0	4319860	index_press	n/a
2160.59	0	4321180	index_release	n/a
2161.41	0	4322820	thumb_down	n/a
2162.42	0	4324840	index_press	n/a
2163.115	0	4326230	index_release	n/a
2163.935	0	4327870	thumb_in	n/a
2164.97	0	4329940	middle_press	n/a
2165.9	0	4331800	middle_release	n/a
2166.505	0	4333010	thumb_out	n/a
2167.635	0	4335270	middle_press	n/a
2168.325	0	4336650	middle_release	n/a
2169.105	0	4338210	thumb_down	n/a
2170.34	0	4340680	index_press	n/a
2171.425	0	4342850	index_release	n/a
2172.195	0	4344390	thumb_out	n/a
2173.67	0	4347340	index_press	n/a
2174.075	0	4348150	index_release	n/a
2175.015	0	4350030	thumb_click	n/a
2175.915	0	4351830	middle_press	n/a
2176.6	0	4353200	middle_release	n/a
2177.395	0	4354790	thumb_up	n/a
2178.475	0	4356950	index_press	n/a
2179.235	0	4358470	index_release	n/a
2179.835	0	4359670	thumb_in	n/a
2180.635	0	4361270	middle_press	n/a
2181.775	0	4363550	middle_release	n/a
2182.565	0	4365130	thumb_down	n/a
2183.735	0	4367470	index_press	n/a
2184.725	0	4369450	index_release	n/a
2185.645	0	4371290	thumb_up	n/a
2186.655	0	4373310	index_press	n/a
2187.845	0	4375690	index_release	n/a
2188.57	0	4377140	thumb_down	n/a
2189.715	0	4379430	index_press	n/a
2190.85	0	4381700	index_release	n/a
2191.745	0	4383490	thumb_click	n/a
2192.52	0	4385040	middle_press	n/a
2193.76	0	4387520	middle_release	n/a
2194.775	0	4389550	thumb_click	n/a
2196.12	0	4392240	middle_press	n/a
2196.94	0	4393880	middle_release	n/a
2197.82	0	4395640	thumb_in	n/a
2198.68	0	4397360	middle_press	n/a
2199.465	0	4398930	middle_release	n/a
2200.235	0	4400470	thumb_out	n/a
2201.3	0	4402600	index_press	n/a
2202.57	0	4405140	index_release	n/a
2203.51	0	4407020	thumb_up	n/a
2204.465	0	4408930	middle_press	n/a
2205.475	0	4410950	middle_release	n/a
2206.22	0	4412440	thumb_in	n/a
2207.445	0	4414890	middle_press	n/a
2208.515	0	4417030	middle_release	n/a
2209.405	0	4418810	thumb_click	n/a
2210.3	0	4420600	middle_press	n/a
2211.32	0	4422640	middle_release	n/a
2212.245	0	4424490	thumb_down	n/a
2213.635	0	4427270	index_press	n/a
2214.215	0	4428430	index_release	n/a
2215.525	0	4431050	thumb_click	n/a
2216.71	0	4433420	index_press	n/a
2217.26	0	4434520	index_release	n/a
2218.12	0	4436240	thumb_in	n/a
2219.21	0	4438420	index_press	n/a
2219.74	0	4439480	index_release	n/a
2220.735	0	4441470	thumb_in	n/a
2221.69	0	4443380	index_press	n/a
2222.96	0	4445920	index_release	n/a
2223.755	0	4447510	thumb_out	n/a
2224.8	0	4449600	middle_press	n/a
2225.99	0	4451980	middle_release	n/a
2226.85	0	4453700	thumb_up	n/a
2228.49	0	4456980	index_press	n/a
2229.035	0	4458070	index_release	n/a
2230.085	0	4460170	thumb_out	n/a
2231.11	0	4462220	index_press	n/a
2231.99	0	4463980	index_release	n/a
2232.895	0	4465790	thumb_up	n/a
2234.025	0	4468050	middle_press	n/a
2234.88	0	4469760	middle_release	n/a
2235.9	0	4471800	thumb_out	n/a
2236.975	0	4473950	index_press	n/a
2238.2	0	4476400	index_release	n/a
2239.22	0	4478440	thumb_out	n/a
2240.075	0	4480150	middle_press	n/a
2240.84	0	4481680	middle_release	n/a
2241.91	0	4483820	thumb_out	n/a
2243.125	0	4486250	index_press	n/a
2243.64	0	4487280	index_release	n/a
2244.585	0	4489170	thumb_click	n/a
2245.535	0	4491070	middle_press	n/a
2246.485	0	4492970	middle_release	n/a
2247.615	0	4495230	thumb_click	n/a
2248.485	0	4496970	index_press	n/a
2249.255	0	4498510	index_release	n/a
2250.16	0	4500320	thumb_in	n/a
2251.215	0	4502430	index_press	n/a
2251.95	0	4503900	index_release	n/a
2252.69	0	4505380	thumb_in	n/a
2254.07	0	4508140	middle_press	n/a
2254.27	0	4508540	middle_release	n/a
2255.915	0	4511830	thumb_in	n/a
2256.54	0	4513080	index_press	n/a
2257.495	0	4514990	index_release	n/a
2258.61	0	4517220	thumb_down	n/a
2259.58	0	4519160	middle_press	n/a
2260.445	0	4520890	middle_release	n/a
2261.475	0	4522950	thumb_down	n/a
2262.335	0	4524670	middle_press	n/a
2262.965	0	4525930	middle_release	n/a
2263.99	0	4527980	thumb_up	n/a
2264.905	0	4529810	middle_press	n/a
2265.93	0	4531860	middle_release	n/a
2267.005	0	4534010	thumb_click	n/a
2267.855	0	4535710	middle_press	n/a
2269.005	0	4538010	middle_release	n/a
2270.075	0	4540150	thumb_up	n/a
2271.02	0	4542040	middle_press	n/a
2271.955	0	4543910	middle_release	n/a
2272.99	0	4545980	thumb_out	n/a
2273.885	0	4547770	middle_press	n/a
2274.385	0	4548770	middle_release	n/a
2275.39	0	4550780	thumb_up	n/a
2276.445	0	4552890	middle_press	n/a
2277.285	0	4554570	middle_release	n/a
2278.46	0	4556920	thumb_out	n/a
2279.385	0	4558770	middle_press	n/a
2280.485	0	4560970	middle_release	n/a
2282.14	0	4564280	thumb_down	n/a
2282.81	0	4565620	middle_press	n/a
2283.235	0	4566470	middle_release	n/a
2284.375	0	4568750	thumb_click	n/a
2285.315	0	4570630	middle_press	n/a
2286.325	0	4572650	middle_release	n/a
2287.275	0	4574550	thumb_up	n/a
2288.225	0	4576450	index_press	n/a
2289.08	0	4578160	index_release	n/a
2290.19	0	4580380	thumb_click	n/a
2291.095	0	4582190	middle_press	n/a
2291.91	0	4583820	middle_release	n/a
2293.005	0	4586010	thumb_up	n/a
2293.96	0	4587920	middle_press	n/a
2295.04	0	4590080	middle_release	n/a
2296.02	0	4592040	thumb_down	n/a
2297.125	0	4594250	index_press	n/a
2297.735	0	4595470	index_release	n/a
2298.715	0	4597430	thumb_down	n/a
2299.8	0	4599600	index_press	n/a
2300.6	0	4601200	index_release	n/a
2301.405	0	4602810	thumb_click	n/a
2302.415	0	4604830	index_press	n/a
2303.34	0	4606680	index_release	n/a
2304.55	0	4609100	thumb_click	n/a
2305.385	0	4610770	index_press	n/a
2306.645	0	4613290	index_release	n/a
2307.595	0	4615190	thumb_in	n/a
2308.545	0	4617090	index_press	n/a
2309.935	0	4619870	index_release	n/a
2310.53	0	4621060	thumb_in	n/a
2311.74	0	4623480	index_press	n/a
2312.315	0	4624630	index_release	n/a
2313.07	0	4626140	thumb_out	n/a
2314.115	0	4628230	index_press	n/a
2314.755	0	4629510	index_release	n/a
2315.855	0	4631710	thumb_in	n/a
2316.745	0	4633490	index_press	n/a
2317.705	0	4635410	index_release	n/a
2392.798	53.9225	4785596	stage_start	null
2462.1285	120.0175	4924257	stage_start	null
2591.563	180.0165	5183126	stage_start	null
